<?xml version="1.0" encoding="UTF-8" ?>  
<!DOCTYPE struts PUBLIC "-//Apache Software Foundation//DTD Struts  
Configuration 2.1//EN" "http://struts.apache.org/dtds/struts-2.1.dtd"> 

<struts>
	<constant name="struts.devMode" value="true" />
	<package name="helloworld" extends="struts-default" namespace="/">
		<interceptors>
			<interceptor name="upper" class="com.highradius.actions.MyInterceptor"></interceptor>
		</interceptors>
		<action name="greet"
			class="com.highradius.actions.HelloWorldAction"
			method="execute">
			<interceptor-ref name="defaultStack"></interceptor-ref>
			<interceptor-ref name="upper"></interceptor-ref>
			<result name="success">/HelloWorld.jsp</result>
			</action>
	</package>
</struts>